,Month,Withdrawals,Deposits,Balance Amount,Extra Expenditure
0,6.0,3443.5,2506.0,114949.90909090909,937.5
1,7.0,10977.279999999999,7182.0,121984.74890410958,3795.279999999999
2,8.0,8631.3,1597.0,118074.88530612245,7034.299999999999
3,9.0,13724.0,1707.0,96504.01817307693,12017.0
4,10.0,9444.0,7953.0,646.3332653061225,1491.0
5,11.0,10933.34,10573.5,1004.8533846153846,359.84000000000015
